DELETE FROM TB_CHANNEL;
DELETE FROM TB_VOTE;
DELETE FROM TB_VOTEOPTION;
COMMIT;

-- 加载投票频道表数据                     开始...
INSERT INTO TB_CHANNEL (CHANNELID, CHANNELNAME)
VALUES (1, 'NBA');
INSERT INTO TB_CHANNEL (CHANNELID, CHANNELNAME)
VALUES (2, 'CBA');
INSERT INTO TB_CHANNEL (CHANNELID, CHANNELNAME)
VALUES (3, '中超');
INSERT INTO TB_CHANNEL (CHANNELID, CHANNELNAME)
VALUES (4, '西甲');
INSERT INTO TB_CHANNEL (CHANNELID, CHANNELNAME)
VALUES (5, '英超');
COMMIT;
-- 加载投票频道表数据                     结束...

-- 加载投票表数据                     开始...
INSERT INTO TB_VOTE (VOTEID, VOTENAME, CHANNELID)
VALUES (1, '请选择你最喜欢的NBA球员', 1);
INSERT INTO TB_VOTE (VOTEID, VOTENAME, CHANNELID)
VALUES (2, '请选择你最喜欢的西甲球员', 4);
COMMIT;
-- 加载投票表数据                     结束...

-- 加载投票选项表数据                     开始...
INSERT INTO TB_VOTEOPTION (VOTEOPTIONID, VOTEID, VOTEOPTIONNAME, TICKETNUM)
VALUES (1, 1, '科比', 100);
INSERT INTO TB_VOTEOPTION (VOTEOPTIONID, VOTEID, VOTEOPTIONNAME, TICKETNUM)
VALUES (2, 1, '詹姆斯', 89);
INSERT INTO TB_VOTEOPTION (VOTEOPTIONID, VOTEID, VOTEOPTIONNAME, TICKETNUM)
VALUES (3, 1, '韦德', 60);
INSERT INTO TB_VOTEOPTION (VOTEOPTIONID, VOTEID, VOTEOPTIONNAME, TICKETNUM)
VALUES (4, 1, '保罗', 77);
INSERT INTO TB_VOTEOPTION (VOTEOPTIONID, VOTEID, VOTEOPTIONNAME, TICKETNUM)
VALUES (5, 1, '杜兰特', 80);
INSERT INTO TB_VOTEOPTION (VOTEOPTIONID, VOTEID, VOTEOPTIONNAME, TICKETNUM)
VALUES (6, 2, 'C罗', 50);
INSERT INTO TB_VOTEOPTION (VOTEOPTIONID, VOTEID, VOTEOPTIONNAME, TICKETNUM)
VALUES (7, 2, '梅西', 50);
INSERT INTO TB_VOTEOPTION (VOTEOPTIONID, VOTEID, VOTEOPTIONNAME, TICKETNUM)
VALUES (8, 2, 'J罗', 45);
INSERT INTO TB_VOTEOPTION (VOTEOPTIONID, VOTEID, VOTEOPTIONNAME, TICKETNUM)
VALUES (9, 2, '内马尔', 40);
COMMIT;
-- 加载投票选项表数据                     结束...